country,year,value
Central Europe and the Baltics,1988,0
Central Europe and the Baltics,1989,0
Central Europe and the Baltics,1990,0
Central Europe and the Baltics,1991,0
Central Europe and the Baltics,1992,0
Central Europe and the Baltics,1993,0
Central Europe and the Baltics,1994,0
Central Europe and the Baltics,1995,0
Central Europe and the Baltics,1996,1405.39223300822
Central Europe and the Baltics,1997,1394.39841352821
Central Europe and the Baltics,1998,1405.01595052356
Central Europe and the Baltics,1999,1380.51686444219
Central Europe and the Baltics,2000,1373.22307421628
Central Europe and the Baltics,2001,1388.09146290975
Central Europe and the Baltics,2002,1409.50389165341
Central Europe and the Baltics,2003,1420.94288244958
Central Europe and the Baltics,2004,1489.90444758405
Central Europe and the Baltics,2005,1608.11289636111
Central Europe and the Baltics,2006,1614.04856961794
Central Europe and the Baltics,2007,1676.98835276977
Central Europe and the Baltics,2008,1741.8418244602
Central Europe and the Baltics,2009,1758.57214540695
Central Europe and the Baltics,2010,1830.5550363848
Central Europe and the Baltics,2011,1846.64646253076
Central Europe and the Baltics,2012,1919.63065460065
Central Europe and the Baltics,2013,1996.35429898178
Central Europe and the Baltics,2014,2103.282682412
Central Europe and the Baltics,2015,2142.79065392361
Central Europe and the Baltics,2016,0
Central Europe and the Baltics,2017,0
Switzerland,1960,0
Switzerland,1961,0
Switzerland,1962,0
Switzerland,1963,0
Switzerland,1964,0
Switzerland,1965,0
Switzerland,1966,0
Switzerland,1967,0
Switzerland,1968,0
Switzerland,1969,0
Switzerland,1970,0
Switzerland,1971,0
Switzerland,1972,0
Switzerland,1973,0
Switzerland,1974,0
Switzerland,1975,0
Switzerland,1976,0
Switzerland,1977,0
Switzerland,1978,0
Switzerland,1979,0
Switzerland,1980,0
Switzerland,1981,0
Switzerland,1982,0
Switzerland,1983,0
Switzerland,1984,0
Switzerland,1985,0
Switzerland,1986,0
Switzerland,1987,0
Switzerland,1988,0
Switzerland,1989,0
Switzerland,1990,0
Switzerland,1991,0
Switzerland,1992,0
Switzerland,1993,0
Switzerland,1994,0
Switzerland,1995,0
Switzerland,1996,3131.1826
Switzerland,1997,0
Switzerland,1998,0
Switzerland,1999,0
Switzerland,2000,3643.11003
Switzerland,2001,0
Switzerland,2002,0
Switzerland,2003,0
Switzerland,2004,3457.99402
Switzerland,2005,0
Switzerland,2006,0
Switzerland,2007,0
Switzerland,2008,3287.98299
Switzerland,2009,0
Switzerland,2010,0
Switzerland,2011,0
Switzerland,2012,4481.07378
Switzerland,2013,0
Switzerland,2014,0
Switzerland,2015,0
Switzerland,2016,0
Switzerland,2017,0
Channel Islands,1960,0
Channel Islands,1961,0
Channel Islands,1962,0
Channel Islands,1963,0
Channel Islands,1964,0
Channel Islands,1965,0
Channel Islands,1966,0
Channel Islands,1967,0
Channel Islands,1968,0
Channel Islands,1969,0
Channel Islands,1970,0
Channel Islands,1971,0
Channel Islands,1972,0
Channel Islands,1973,0
Channel Islands,1974,0
Channel Islands,1975,0
Channel Islands,1976,0
Channel Islands,1977,0
Channel Islands,1978,0
Channel Islands,1979,0
Channel Islands,1980,0
Channel Islands,1981,0
Channel Islands,1982,0
Channel Islands,1983,0
Channel Islands,1984,0
Channel Islands,1985,0
Channel Islands,1986,0
Channel Islands,1987,0
Channel Islands,1988,0
Channel Islands,1989,0
Channel Islands,1990,0
Channel Islands,1991,0
Channel Islands,1992,0
Channel Islands,1993,0
Channel Islands,1994,0
Channel Islands,1995,0
Channel Islands,1996,0
Channel Islands,1997,0
Channel Islands,1998,0
Channel Islands,1999,0
Channel Islands,2000,0
Channel Islands,2001,0
Channel Islands,2002,0
Channel Islands,2003,0
Channel Islands,2004,0
Channel Islands,2005,0
Channel Islands,2006,0
Channel Islands,2007,0
Channel Islands,2008,0
Channel Islands,2009,0
Channel Islands,2010,0
Channel Islands,2011,0
Channel Islands,2012,0
Channel Islands,2013,0
Channel Islands,2014,0
Channel Islands,2015,0
Channel Islands,2016,0
Channel Islands,2017,0
Chile,1960,0
Chile,1961,0
Chile,1962,0
Chile,1963,0
Chile,1964,0
Chile,1965,0
Chile,1966,0
Chile,1967,0
Chile,1968,0
Chile,1969,0
Chile,1970,0
Chile,1971,0
Chile,1972,0
Chile,1973,0
Chile,1974,0
Chile,1975,0
Chile,1976,0
Chile,1977,0
Chile,1978,0
Chile,1979,0
Chile,1980,0
Chile,1981,0
Chile,1982,0
Chile,1983,0
Chile,1984,0
Chile,1985,0
Chile,1986,0
Chile,1987,0
Chile,1988,0
Chile,1989,0
Chile,1990,0
Chile,1991,0
Chile,1992,0
Chile,1993,0
Chile,1994,0
Chile,1995,0
Chile,1996,0
Chile,1997,0
Chile,1998,0
Chile,1999,0
Chile,2000,0
Chile,2001,0
Chile,2002,0
Chile,2003,0
Chile,2004,0
Chile,2005,0
Chile,2006,0
Chile,2007,337.18288
Chile,2008,357.9897
Chile,2009,288.71137
Chile,2010,319.71699
Chile,2011,353.36854
Chile,2012,390.95003
Chile,2013,335.28419
Chile,2014,427.0332
Chile,2015,455.49715
Chile,2016,0
Chile,2017,0
China,1960,0
China,1961,0
China,1962,0
China,1963,0
China,1964,0
China,1965,0
China,1966,0
China,1967,0
China,1968,0
China,1969,0
China,1970,0
China,1971,0
China,1972,0
China,1973,0
China,1974,0
China,1975,0
China,1976,0
China,1977,0
China,1978,0
China,1979,0
China,1980,0
China,1981,0
China,1982,0
China,1983,0
China,1984,0
China,1985,0
China,1986,0
China,1987,0
China,1988,0
China,1989,0
China,1990,0
China,1991,0
China,1992,0
China,1993,0
China,1994,0
China,1995,0
China,1996,442.56548
China,1997,471.99494
China,1998,386.77167
China,1999,420.60209
China,2000,547.30387
China,2001,581.53188
China,2002,631.07801
China,2003,667.53208
China,2004,713.28449
China,2005,856.84548
China,2006,932.31417
China,2007,1078.62521
China,2008,1200.2949
China,2009,863.9263
China,2010,902.95975
China,2011,977.68206
China,2012,1035.87909
China,2013,1089.19205
China,2014,1113.07185
China,2015,1176.57712
China,2016,0
China,2017,0
Cote d'Ivoire,1960,0
Cote d'Ivoire,1961,0
Cote d'Ivoire,1962,0
Cote d'Ivoire,1963,0
Cote d'Ivoire,1964,0
Cote d'Ivoire,1965,0
Cote d'Ivoire,1966,0
Cote d'Ivoire,1967,0
Cote d'Ivoire,1968,0
Cote d'Ivoire,1969,0
Cote d'Ivoire,1970,0
Cote d'Ivoire,1971,0
Cote d'Ivoire,1972,0
Cote d'Ivoire,1973,0
Cote d'Ivoire,1974,0
Cote d'Ivoire,1975,0
Cote d'Ivoire,1976,0
Cote d'Ivoire,1977,0
Cote d'Ivoire,1978,0
Cote d'Ivoire,1979,0
Cote d'Ivoire,1980,0
Cote d'Ivoire,1981,0
Cote d'Ivoire,1982,0
Cote d'Ivoire,1983,0
Cote d'Ivoire,1984,0
Cote d'Ivoire,1985,0
Cote d'Ivoire,1986,0
Cote d'Ivoire,1987,0
Cote d'Ivoire,1988,0
Cote d'Ivoire,1989,0
Cote d'Ivoire,1990,0
Cote d'Ivoire,1991,0
Cote d'Ivoire,1992,0
Cote d'Ivoire,1993,0
Cote d'Ivoire,1994,0
Cote d'Ivoire,1995,0
Cote d'Ivoire,1996,0
Cote d'Ivoire,1997,0
Cote d'Ivoire,1998,0
Cote d'Ivoire,1999,0
Cote d'Ivoire,2000,0
Cote d'Ivoire,2001,0
Cote d'Ivoire,2002,0
Cote d'Ivoire,2003,0
Cote d'Ivoire,2004,0
Cote d'Ivoire,2005,69.98405
Cote d'Ivoire,2006,0
Cote d'Ivoire,2007,0
Cote d'Ivoire,2008,0
Cote d'Ivoire,2009,0
Cote d'Ivoire,2010,0
Cote d'Ivoire,2011,0
Cote d'Ivoire,2012,0
Cote d'Ivoire,2013,0
Cote d'Ivoire,2014,0
Cote d'Ivoire,2015,0
Cote d'Ivoire,2016,0
Cote d'Ivoire,2017,0
Cameroon,1960,0
Cameroon,1961,0
Cameroon,1962,0
Cameroon,1963,0
Cameroon,1964,0
Cameroon,1965,0
Cameroon,1966,0
Cameroon,1967,0
Cameroon,1968,0
Cameroon,1969,0
Cameroon,1970,0
Cameroon,1971,0
Cameroon,1972,0
Cameroon,1973,0
Cameroon,1974,0
Cameroon,1975,0
Cameroon,1976,0
Cameroon,1977,0
Cameroon,1978,0
Cameroon,1979,0
Cameroon,1980,0
Cameroon,1981,0
Cameroon,1982,0
Cameroon,1983,0
Cameroon,1984,0
Cameroon,1985,0
Cameroon,1986,0
Cameroon,1987,0
Cameroon,1988,0
Cameroon,1989,0
Cameroon,1990,0
Cameroon,1991,0
Cameroon,1992,0
Cameroon,1993,0
Cameroon,1994,0
Cameroon,1995,0
Cameroon,1996,0
Cameroon,1997,0
Cameroon,1998,0
Cameroon,1999,0
Cameroon,2000,0
Cameroon,2001,0
Cameroon,2002,0
Cameroon,2003,0
Cameroon,2004,0
Cameroon,2005,0
Cameroon,2006,0
Cameroon,2007,0
Cameroon,2008,0
Cameroon,2009,0
Cameroon,2010,0
Cameroon,2011,0
Cameroon,2012,0
Cameroon,2013,0
Cameroon,2014,0
Cameroon,2015,0
Cameroon,2016,0
Cameroon,2017,0
"Congo, Dem. Rep.",1960,0
"Congo, Dem. Rep.",1961,0
"Congo, Dem. Rep.",1962,0
"Congo, Dem. Rep.",1963,0
"Congo, Dem. Rep.",1964,0
"Congo, Dem. Rep.",1965,0
"Congo, Dem. Rep.",1966,0
"Congo, Dem. Rep.",1967,0
"Congo, Dem. Rep.",1968,0
"Congo, Dem. Rep.",1969,0
"Congo, Dem. Rep.",1970,0
"Congo, Dem. Rep.",1971,0
"Congo, Dem. Rep.",1972,0
"Congo, Dem. Rep.",1973,0
"Congo, Dem. Rep.",1974,0
"Congo, Dem. Rep.",1975,0
"Congo, Dem. Rep.",1976,0
"Congo, Dem. Rep.",1977,0
"Congo, Dem. Rep.",1978,0
"Congo, Dem. Rep.",1979,0
"Congo, Dem. Rep.",1980,0
"Congo, Dem. Rep.",1981,0
"Congo, Dem. Rep.",1982,0
"Congo, Dem. Rep.",1983,0
"Congo, Dem. Rep.",1984,0
"Congo, Dem. Rep.",1985,0
"Congo, Dem. Rep.",1986,0
"Congo, Dem. Rep.",1987,0
"Congo, Dem. Rep.",1988,0
"Congo, Dem. Rep.",1989,0
"Congo, Dem. Rep.",1990,0
"Congo, Dem. Rep.",1991,0
"Congo, Dem. Rep.",1992,0
"Congo, Dem. Rep.",1993,0
"Congo, Dem. Rep.",1994,0
"Congo, Dem. Rep.",1995,0
"Congo, Dem. Rep.",1996,0
"Congo, Dem. Rep.",1997,0
"Congo, Dem. Rep.",1998,0
"Congo, Dem. Rep.",1999,0
"Congo, Dem. Rep.",2000,0
"Congo, Dem. Rep.",2001,0
"Congo, Dem. Rep.",2002,0
"Congo, Dem. Rep.",2003,0
"Congo, Dem. Rep.",2004,0
"Congo, Dem. Rep.",2005,0
"Congo, Dem. Rep.",2006,0
"Congo, Dem. Rep.",2007,0
"Congo, Dem. Rep.",2008,0
"Congo, Dem. Rep.",2009,0
"Congo, Dem. Rep.",2010,0
"Congo, Dem. Rep.",2011,0
"Congo, Dem. Rep.",2012,0
"Congo, Dem. Rep.",2013,0
"Congo, Dem. Rep.",2014,0
"Congo, Dem. Rep.",2015,0
"Congo, Dem. Rep.",2016,0
"Congo, Dem. Rep.",2017,0
"Congo, Rep.",1960,0
"Congo, Rep.",1961,0
"Congo, Rep.",1962,0
"Congo, Rep.",1963,0
"Congo, Rep.",1964,0
"Congo, Rep.",1965,0
"Congo, Rep.",1966,0
"Congo, Rep.",1967,0
"Congo, Rep.",1968,0
"Congo, Rep.",1969,0
"Congo, Rep.",1970,0
"Congo, Rep.",1971,0
"Congo, Rep.",1972,0
"Congo, Rep.",1973,0
"Congo, Rep.",1974,0
"Congo, Rep.",1975,0
"Congo, Rep.",1976,0
"Congo, Rep.",1977,0
"Congo, Rep.",1978,0
"Congo, Rep.",1979,0
"Congo, Rep.",1980,0
"Congo, Rep.",1981,0
"Congo, Rep.",1982,0
"Congo, Rep.",1983,0
"Congo, Rep.",1984,0
"Congo, Rep.",1985,0
"Congo, Rep.",1986,0
"Congo, Rep.",1987,0
"Congo, Rep.",1988,0
"Congo, Rep.",1989,0
"Congo, Rep.",1990,0
"Congo, Rep.",1991,0
"Congo, Rep.",1992,0
"Congo, Rep.",1993,0
"Congo, Rep.",1994,0
"Congo, Rep.",1995,0
"Congo, Rep.",1996,50.7886
"Congo, Rep.",1997,49.58871
"Congo, Rep.",1998,40.72115
"Congo, Rep.",1999,36.36251
"Congo, Rep.",2000,32.72473
"Congo, Rep.",2001,0
"Congo, Rep.",2002,0
"Congo, Rep.",2003,0
"Congo, Rep.",2004,0
"Congo, Rep.",2005,0
"Congo, Rep.",2006,0
"Congo, Rep.",2007,0
"Congo, Rep.",2008,0
"Congo, Rep.",2009,0
"Congo, Rep.",2010,0
"Congo, Rep.",2011,0
"Congo, Rep.",2012,0
"Congo, Rep.",2013,0
"Congo, Rep.",2014,0
"Congo, Rep.",2015,0
"Congo, Rep.",2016,0
"Congo, Rep.",2017,0
Colombia,1960,0
Colombia,1961,0
Colombia,1962,0
Colombia,1963,0
Colombia,1964,0
Colombia,1965,0
Colombia,1966,0
Colombia,1967,0
Colombia,1968,0
Colombia,1969,0
Colombia,1970,0
Colombia,1971,0
Colombia,1972,0
Colombia,1973,0
Colombia,1974,0
Colombia,1975,0
Colombia,1976,0
Colombia,1977,0
Colombia,1978,0
Colombia,1979,0
Colombia,1980,0
Colombia,1981,0
Colombia,1982,0
Colombia,1983,0
Colombia,1984,0
Colombia,1985,0
Colombia,1986,0
Colombia,1987,0
Colombia,1988,0
Colombia,1989,0
Colombia,1990,0
Colombia,1991,0
Colombia,1992,0
Colombia,1993,0
Colombia,1994,0
Colombia,1995,0
Colombia,1996,70.12003
Colombia,1997,74.16146
Colombia,1998,0
Colombia,1999,0
Colombia,2000,99.27162
Colombia,2001,111.15058
Colombia,2002,126.83357
Colombia,2003,138.34698
Colombia,2004,110.36751
Colombia,2005,121.6043
Colombia,2006,137.3184
Colombia,2007,153.70441
Colombia,2008,166.81551
Colombia,2009,172.03084
Colombia,2010,182.26513
Colombia,2011,168.04303
Colombia,2012,146.00372
Colombia,2013,115.96463
Colombia,2014,114.8903
Colombia,2015,0
Colombia,2016,0
Colombia,2017,0
Comoros,1960,0
Comoros,1961,0
Comoros,1962,0
Comoros,1963,0
Comoros,1964,0
Comoros,1965,0
Comoros,1966,0
Comoros,1967,0
Comoros,1968,0
Comoros,1969,0
Comoros,1970,0
Comoros,1971,0
Comoros,1972,0
Comoros,1973,0
Comoros,1974,0
Comoros,1975,0
Comoros,1976,0
Comoros,1977,0
Comoros,1978,0
Comoros,1979,0
Comoros,1980,0
Comoros,1981,0
Comoros,1982,0
Comoros,1983,0
Comoros,1984,0
Comoros,1985,0
Comoros,1986,0
Comoros,1987,0
Comoros,1988,0
Comoros,1989,0
Comoros,1990,0
Comoros,1991,0
Comoros,1992,0
Comoros,1993,0
Comoros,1994,0
Comoros,1995,0
Comoros,1996,0
Comoros,1997,0
Comoros,1998,0
Comoros,1999,0
Comoros,2000,0
Comoros,2001,0
Comoros,2002,0
Comoros,2003,0
Comoros,2004,0
Comoros,2005,0
Comoros,2006,0
Comoros,2007,0
Comoros,2008,0
Comoros,2009,0
Comoros,2010,0
Comoros,2011,0
Comoros,2012,0
Comoros,2013,0
Comoros,2014,0
Comoros,2015,0
Comoros,2016,0
Comoros,2017,0
Cabo Verde,1960,0
Cabo Verde,1961,0
Cabo Verde,1962,0
Cabo Verde,1963,0
Cabo Verde,1964,0
Cabo Verde,1965,0
Cabo Verde,1966,0
Cabo Verde,1967,0
Cabo Verde,1968,0
Cabo Verde,1969,0
Cabo Verde,1970,0
Cabo Verde,1971,0
Cabo Verde,1972,0
Cabo Verde,1973,0
Cabo Verde,1974,0
Cabo Verde,1975,0
Cabo Verde,1976,0
Cabo Verde,1977,0
Cabo Verde,1978,0
Cabo Verde,1979,0
Cabo Verde,1980,0
Cabo Verde,1981,0
Cabo Verde,1982,0
Cabo Verde,1983,0
Cabo Verde,1984,0
Cabo Verde,1985,0
Cabo Verde,1986,0
Cabo Verde,1987,0
Cabo Verde,1988,0
Cabo Verde,1989,0
Cabo Verde,1990,0
Cabo Verde,1991,0
Cabo Verde,1992,0
Cabo Verde,1993,0
Cabo Verde,1994,0
Cabo Verde,1995,0
Cabo Verde,1996,0
Cabo Verde,1997,0
Cabo Verde,1998,0
Cabo Verde,1999,0
Cabo Verde,2000,0
Cabo Verde,2001,100.5908
Cabo Verde,2002,131.75346
Cabo Verde,2003,0
Cabo Verde,2004,0
Cabo Verde,2005,0
Cabo Verde,2006,0
Cabo Verde,2007,0
Cabo Verde,2008,0
Cabo Verde,2009,0
Cabo Verde,2010,0
Cabo Verde,2011,50.48883
Cabo Verde,2012,0
Cabo Verde,2013,0
Cabo Verde,2014,0
Cabo Verde,2015,0
Cabo Verde,2016,0
Cabo Verde,2017,0
Costa Rica,1960,0
Costa Rica,1961,0
Costa Rica,1962,0
Costa Rica,1963,0
Costa Rica,1964,0
Costa Rica,1965,0
Costa Rica,1966,0
Costa Rica,1967,0
Costa Rica,1968,0
Costa Rica,1969,0
Costa Rica,1970,0
Costa Rica,1971,0
Costa Rica,1972,0
Costa Rica,1973,0
Costa Rica,1974,0
Costa Rica,1975,0
Costa Rica,1976,0
Costa Rica,1977,0
Costa Rica,1978,0
Costa Rica,1979,0
Costa Rica,1980,0
Costa Rica,1981,0
Costa Rica,1982,0
Costa Rica,1983,0
Costa Rica,1984,0
Costa Rica,1985,0
Costa Rica,1986,0
Costa Rica,1987,0
Costa Rica,1988,0
Costa Rica,1989,0
Costa Rica,1990,0
Costa Rica,1991,0
Costa Rica,1992,0
Costa Rica,1993,0
Costa Rica,1994,0
Costa Rica,1995,0
Costa Rica,1996,0
Costa Rica,1997,0
Costa Rica,1998,0
Costa Rica,1999,0
Costa Rica,2000,0
Costa Rica,2001,0
Costa Rica,2002,0
Costa Rica,2003,132.81725
Costa Rica,2004,109.62401
Costa Rica,2005,124.01588
Costa Rica,2006,0
Costa Rica,2007,0
Costa Rica,2008,263.00901
Costa Rica,2009,342.00328
Costa Rica,2010,384.57536
Costa Rica,2011,409.08712
Costa Rica,2012,339.69698
Costa Rica,2013,357.80813
Costa Rica,2014,572.97725
Costa Rica,2015,0
Costa Rica,2016,0
Costa Rica,2017,0
Caribbean small states,1960,0
Caribbean small states,1961,0
Caribbean small states,1962,0
Caribbean small states,1963,0
Caribbean small states,1964,0
Caribbean small states,1965,0
Caribbean small states,1966,0
Caribbean small states,1967,0
Caribbean small states,1968,0
Caribbean small states,1969,0
Caribbean small states,1970,0
Caribbean small states,1971,0
Caribbean small states,1972,0
Caribbean small states,1973,0
Caribbean small states,1974,0
Caribbean small states,1975,0
Caribbean small states,1976,0
Caribbean small states,1977,0
Caribbean small states,1978,0
Caribbean small states,1979,0
Caribbean small states,1980,0
Caribbean small states,1981,0
Caribbean small states,1982,0
Caribbean small states,1983,0
Caribbean small states,1984,0
Caribbean small states,1985,0
Caribbean small states,1986,0
Caribbean small states,1987,0
Caribbean small states,1988,0
Caribbean small states,1989,0
Caribbean small states,1990,0
Caribbean small states,1991,0
Caribbean small states,1992,0
Caribbean small states,1993,0
Caribbean small states,1994,0
Caribbean small states,1995,0
Caribbean small states,1996,0
Caribbean small states,1997,0
Caribbean small states,1998,0
Caribbean small states,1999,0
Caribbean small states,2000,0
Caribbean small states,2001,0
Caribbean small states,2002,0
Caribbean small states,2003,0
Caribbean small states,2004,0
Caribbean small states,2005,0
Caribbean small states,2006,0
Caribbean small states,2007,0
Caribbean small states,2008,0
Caribbean small states,2009,0
Caribbean small states,2010,0
Caribbean small states,2011,0
Caribbean small states,2012,0
Caribbean small states,2013,0
Caribbean small states,2014,0
Caribbean small states,2015,0
Caribbean small states,2016,0
Caribbean small states,2017,0
Cuba,1960,0
Cuba,1961,0
Cuba,1962,0
Cuba,1963,0
Cuba,1964,0
Cuba,1965,0
Cuba,1966,0
Cuba,1967,0
Cuba,1968,0
Cuba,1969,0
Cuba,1970,0
Cuba,1971,0
Cuba,1972,0
Cuba,1973,0
Cuba,1974,0
Cuba,1975,0
Cuba,1976,0
Cuba,1977,0
Cuba,1978,0
Cuba,1979,0
Cuba,1980,0
Cuba,1981,0
Cuba,1982,0
Cuba,1983,0
Cuba,1984,0
Cuba,1985,0
Cuba,1986,0
Cuba,1987,0
Cuba,1988,0
Cuba,1989,0
Cuba,1990,0
Cuba,1991,0
Cuba,1992,0
Cuba,1993,0
Cuba,1994,0
Cuba,1995,0
Cuba,1996,0
Cuba,1997,0
Cuba,1998,0
Cuba,1999,0
Cuba,2000,0
Cuba,2001,0
Cuba,2002,0
Cuba,2003,0
Cuba,2004,0
Cuba,2005,0
Cuba,2006,0
Cuba,2007,0
Cuba,2008,0
Cuba,2009,0
Cuba,2010,0
Cuba,2011,0
Cuba,2012,0
Cuba,2013,0
Cuba,2014,0
Cuba,2015,0
Cuba,2016,0
Cuba,2017,0
Curacao,1960,0
Curacao,1961,0
Curacao,1962,0
Curacao,1963,0
Curacao,1964,0
Curacao,1965,0
Curacao,1966,0
Curacao,1967,0
Curacao,1968,0
Curacao,1969,0
Curacao,1970,0
Curacao,1971,0
Curacao,1972,0
Curacao,1973,0
Curacao,1974,0
Curacao,1975,0
Curacao,1976,0
Curacao,1977,0
Curacao,1978,0
Curacao,1979,0
Curacao,1980,0
Curacao,1981,0
Curacao,1982,0
Curacao,1983,0
Curacao,1984,0
Curacao,1985,0
Curacao,1986,0
Curacao,1987,0
Curacao,1988,0
Curacao,1989,0
Curacao,1990,0
Curacao,1991,0
Curacao,1992,0
Curacao,1993,0
Curacao,1994,0
Curacao,1995,0
Curacao,1996,0
Curacao,1997,0
Curacao,1998,0
Curacao,1999,0
Curacao,2000,0
Curacao,2001,0
Curacao,2002,0
Curacao,2003,0
Curacao,2004,0
Curacao,2005,0
Curacao,2006,0
Curacao,2007,0
Curacao,2008,0
Curacao,2009,0
Curacao,2010,0
Curacao,2011,0
Curacao,2012,0
Curacao,2013,0
Curacao,2014,0
Curacao,2015,0
Curacao,2016,0
Curacao,2017,0
Cayman Islands,1960,0
Cayman Islands,1961,0
Cayman Islands,1962,0
Cayman Islands,1963,0
Cayman Islands,1964,0
Cayman Islands,1965,0
Cayman Islands,1966,0
Cayman Islands,1967,0
Cayman Islands,1968,0
Cayman Islands,1969,0
Cayman Islands,1970,0
Cayman Islands,1971,0
Cayman Islands,1972,0
Cayman Islands,1973,0
Cayman Islands,1974,0
Cayman Islands,1975,0
Cayman Islands,1976,0
Cayman Islands,1977,0
Cayman Islands,1978,0
Cayman Islands,1979,0
Cayman Islands,1980,0
Cayman Islands,1981,0
Cayman Islands,1982,0
Cayman Islands,1983,0
Cayman Islands,1984,0
Cayman Islands,1985,0
Cayman Islands,1986,0
Cayman Islands,1987,0
Cayman Islands,1988,0
Cayman Islands,1989,0
Cayman Islands,1990,0
Cayman Islands,1991,0
Cayman Islands,1992,0
Cayman Islands,1993,0
Cayman Islands,1994,0
Cayman Islands,1995,0
Cayman Islands,1996,0
Cayman Islands,1997,0
Cayman Islands,1998,0
Cayman Islands,1999,0
Cayman Islands,2000,0
Cayman Islands,2001,0
Cayman Islands,2002,0
Cayman Islands,2003,0
Cayman Islands,2004,0
Cayman Islands,2005,0
Cayman Islands,2006,0
Cayman Islands,2007,0
Cayman Islands,2008,0
Cayman Islands,2009,0
Cayman Islands,2010,0
Cayman Islands,2011,0
Cayman Islands,2012,0
Cayman Islands,2013,0
Cayman Islands,2014,0
Cayman Islands,2015,0
Cayman Islands,2016,0
Cayman Islands,2017,0
Cyprus,1960,0
Cyprus,1961,0
Cyprus,1962,0
Cyprus,1963,0
Cyprus,1964,0
Cyprus,1965,0
Cyprus,1966,0
Cyprus,1967,0
Cyprus,1968,0
Cyprus,1969,0
Cyprus,1970,0
Cyprus,1971,0
Cyprus,1972,0
Cyprus,1973,0
Cyprus,1974,0
Cyprus,1975,0
Cyprus,1976,0
Cyprus,1977,0
Cyprus,1978,0
Cyprus,1979,0
Cyprus,1980,0
Cyprus,1981,0
Cyprus,1982,0
Cyprus,1983,0
Cyprus,1984,0
Cyprus,1985,0
Cyprus,1986,0
Cyprus,1987,0
Cyprus,1988,0
Cyprus,1989,0
Cyprus,1990,0
Cyprus,1991,0
Cyprus,1992,0
Cyprus,1993,0
Cyprus,1994,0
Cyprus,1995,0
Cyprus,1996,0
Cyprus,1997,0
Cyprus,1998,345.60424
Cyprus,1999,402.60856
Cyprus,2000,434.37809
Cyprus,2001,471.97958
Cyprus,2002,609.48271
Cyprus,2003,677.83199
Cyprus,2004,795.28883
Cyprus,2005,916.65065
Cyprus,2006,986.91676
Cyprus,2007,1029.19752
Cyprus,2008,1011.38118
Cyprus,2009,1065.75189
Cyprus,2010,1077.70041
Cyprus,2011,1061.47137
Cyprus,2012,1012.84477
Cyprus,2013,1026.80653
Cyprus,2014,1048.39624
Cyprus,2015,1013.76958
Cyprus,2016,0
Cyprus,2017,0
Czech Republic,1960,0
Czech Republic,1961,0
Czech Republic,1962,0
Czech Republic,1963,0
Czech Republic,1964,0
Czech Republic,1965,0
Czech Republic,1966,0
Czech Republic,1967,0
Czech Republic,1968,0
Czech Republic,1969,0
Czech Republic,1970,0
Czech Republic,1971,0
Czech Republic,1972,0
Czech Republic,1973,0
Czech Republic,1974,0
Czech Republic,1975,0
Czech Republic,1976,0
Czech Republic,1977,0
Czech Republic,1978,0
Czech Republic,1979,0
Czech Republic,1980,0
Czech Republic,1981,0
Czech Republic,1982,0
Czech Republic,1983,0
Czech Republic,1984,0
Czech Republic,1985,0
Czech Republic,1986,0
Czech Republic,1987,0
Czech Republic,1988,0
Czech Republic,1989,0
Czech Republic,1990,0
Czech Republic,1991,0
Czech Republic,1992,0
Czech Republic,1993,0
Czech Republic,1994,0
Czech Republic,1995,0
Czech Republic,1996,1255.29187
Czech Republic,1997,1219.72077
Czech Republic,1998,1220.23966
Czech Republic,1999,1316.567
Czech Republic,2000,1349.7015
Czech Republic,2001,1462.96546
Czech Republic,2002,1464.42152
Czech Republic,2003,1548.10404
Czech Republic,2004,1596.11502
Czech Republic,2005,2362.36532
Czech Republic,2006,2557.30588
Czech Republic,2007,2698.59737
Czech Republic,2008,2864.51845
Czech Republic,2009,2749.45014
Czech Republic,2010,2781.85443
Czech Republic,2011,2912.62889
Czech Republic,2012,3149.99155
Czech Republic,2013,3249.88938
Czech Republic,2014,3418.46171
Czech Republic,2015,3611.90621
Czech Republic,2016,0
Czech Republic,2017,0
Germany,1960,0
Germany,1961,0
Germany,1962,0
Germany,1963,0
Germany,1964,0
Germany,1965,0
Germany,1966,0
Germany,1967,0
Germany,1968,0
Germany,1969,0
Germany,1970,0
Germany,1971,0
Germany,1972,0
Germany,1973,0
Germany,1974,0
Germany,1975,0
Germany,1976,0
Germany,1977,0
Germany,1978,0
Germany,1979,0
Germany,1980,0
Germany,1981,0
Germany,1982,0
Germany,1983,0
Germany,1984,0
Germany,1985,0
Germany,1986,0
Germany,1987,0
Germany,1988,0
Germany,1989,0
Germany,1990,0
Germany,1991,0
Germany,1992,0
Germany,1993,0
Germany,1994,0
Germany,1995,0
Germany,1996,2811.61389
Germany,1997,2875.74074
Germany,1998,2898.56684
Germany,1999,3107.28263
Germany,2000,3148.80136
Germany,2001,3231.71759
Germany,2002,3253.51966
Germany,2003,3297.09098
Germany,2004,3318.86921
Germany,2005,3349.64573
Germany,2006,3452.20997
Germany,2007,3597.23882
Germany,2008,3751.78161
Germany,2009,3940.73576
Germany,2010,4077.76719
Germany,2011,4211.25463
Germany,2012,4379.07515
Germany,2013,4399.67239
Germany,2014,4363.7795
Germany,2015,4431.08151
Germany,2016,0
Germany,2017,0
Djibouti,1960,0
Djibouti,1961,0
Djibouti,1962,0
Djibouti,1963,0
Djibouti,1964,0
Djibouti,1965,0
Djibouti,1966,0
Djibouti,1967,0
Djibouti,1968,0
Djibouti,1969,0
Djibouti,1970,0
Djibouti,1971,0
Djibouti,1972,0
Djibouti,1973,0
Djibouti,1974,0
Djibouti,1975,0
Djibouti,1976,0
Djibouti,1977,0
Djibouti,1978,0
Djibouti,1979,0
Djibouti,1980,0
Djibouti,1981,0
Djibouti,1982,0
Djibouti,1983,0
Djibouti,1984,0
Djibouti,1985,0
Djibouti,1986,0
Djibouti,1987,0
Djibouti,1988,0
Djibouti,1989,0
Djibouti,1990,0
Djibouti,1991,0
Djibouti,1992,0
Djibouti,1993,0
Djibouti,1994,0
Djibouti,1995,0
Djibouti,1996,0
Djibouti,1997,0
Djibouti,1998,0
Djibouti,1999,0
Djibouti,2000,0
Djibouti,2001,0
Djibouti,2002,0
Djibouti,2003,0
Djibouti,2004,0
Djibouti,2005,0
Djibouti,2006,0
Djibouti,2007,0
Djibouti,2008,0
Djibouti,2009,0
Djibouti,2010,0
Djibouti,2011,0
Djibouti,2012,0
Djibouti,2013,0
Djibouti,2014,0
Djibouti,2015,0
Djibouti,2016,0
Djibouti,2017,0
Dominica,1960,0
Dominica,1961,0
Dominica,1962,0
Dominica,1963,0
Dominica,1964,0
Dominica,1965,0
Dominica,1966,0
Dominica,1967,0
Dominica,1968,0
Dominica,1969,0
Dominica,1970,0
Dominica,1971,0
Dominica,1972,0
Dominica,1973,0
Dominica,1974,0
Dominica,1975,0
Dominica,1976,0
Dominica,1977,0
Dominica,1978,0
Dominica,1979,0
Dominica,1980,0
Dominica,1981,0
Dominica,1982,0
Dominica,1983,0
Dominica,1984,0
Dominica,1985,0
Dominica,1986,0
Dominica,1987,0
Dominica,1988,0
Dominica,1989,0
Dominica,1990,0
Dominica,1991,0
Dominica,1992,0
Dominica,1993,0
Dominica,1994,0
Dominica,1995,0
Dominica,1996,0
Dominica,1997,0
Dominica,1998,0
Dominica,1999,0
Dominica,2000,0
Dominica,2001,0
Dominica,2002,0
Dominica,2003,0
Dominica,2004,0
Dominica,2005,0
Dominica,2006,0
Dominica,2007,0
Dominica,2008,0
Dominica,2009,0
Dominica,2010,0
Dominica,2011,0
Dominica,2012,0
Dominica,2013,0
Dominica,2014,0
Dominica,2015,0
Dominica,2016,0
Dominica,2017,0
Denmark,1960,0
Denmark,1961,0
Denmark,1962,0
Denmark,1963,0
Denmark,1964,0
Denmark,1965,0
Denmark,1966,0
Denmark,1967,0
Denmark,1968,0
Denmark,1969,0
Denmark,1970,0
Denmark,1971,0
Denmark,1972,0
Denmark,1973,0
Denmark,1974,0
Denmark,1975,0
Denmark,1976,0
Denmark,1977,0
Denmark,1978,0
Denmark,1979,0
Denmark,1980,0
Denmark,1981,0
Denmark,1982,0
Denmark,1983,0
Denmark,1984,0
Denmark,1985,0
Denmark,1986,0
Denmark,1987,0
Denmark,1988,0
Denmark,1989,0
Denmark,1990,0
Denmark,1991,0
Denmark,1992,0
Denmark,1993,0
Denmark,1994,0
Denmark,1995,0
Denmark,1996,3178.10864
Denmark,1997,3318.56206
Denmark,1998,0
Denmark,1999,3561.4852
Denmark,2000,0
Denmark,2001,3632.88055
Denmark,2002,4758.17173
Denmark,2003,4622.36787
Denmark,2004,4846.94659
Denmark,2005,5201.29439
Denmark,2006,5301.9463
Denmark,2007,5519.31521
Denmark,2008,6496.76342
Denmark,2009,6660.14333
Denmark,2010,6743.89777
Denmark,2011,7025.99462
Denmark,2012,7155.95436
Denmark,2013,7088.55317
Denmark,2014,7333.05129
Denmark,2015,7483.57626
Denmark,2016,0
Denmark,2017,0
Dominican Republic,1960,0
Dominican Republic,1961,0
Dominican Republic,1962,0
Dominican Republic,1963,0
Dominican Republic,1964,0
Dominican Republic,1965,0
Dominican Republic,1966,0
Dominican Republic,1967,0
Dominican Republic,1968,0
Dominican Republic,1969,0
Dominican Republic,1970,0
Dominican Republic,1971,0
Dominican Republic,1972,0
Dominican Republic,1973,0
Dominican Republic,1974,0
Dominican Republic,1975,0
Dominican Republic,1976,0
Dominican Republic,1977,0
Dominican Republic,1978,0
Dominican Republic,1979,0
Dominican Republic,1980,0
Dominican Republic,1981,0
Dominican Republic,1982,0
Dominican Republic,1983,0
Dominican Republic,1984,0
Dominican Republic,1985,0
Dominican Republic,1986,0
Dominican Republic,1987,0
Dominican Republic,1988,0
Dominican Republic,1989,0
Dominican Republic,1990,0
Dominican Republic,1991,0
Dominican Republic,1992,0
Dominican Republic,1993,0
Dominican Republic,1994,0
Dominican Republic,1995,0
Dominican Republic,1996,0
Dominican Republic,1997,0
Dominican Republic,1998,0
Dominican Republic,1999,0
Dominican Republic,2000,0
Dominican Republic,2001,0
Dominican Republic,2002,0
Dominican Republic,2003,0
Dominican Republic,2004,0
Dominican Republic,2005,0
Dominican Republic,2006,0
Dominican Republic,2007,0
Dominican Republic,2008,0
Dominican Republic,2009,0
Dominican Republic,2010,0
Dominican Republic,2011,0
Dominican Republic,2012,0
Dominican Republic,2013,0
Dominican Republic,2014,0
Dominican Republic,2015,0
Dominican Republic,2016,0
Dominican Republic,2017,0
Algeria,1960,0
Algeria,1961,0
Algeria,1962,0
Algeria,1963,0
Algeria,1964,0
Algeria,1965,0
Algeria,1966,0
Algeria,1967,0
Algeria,1968,0
Algeria,1969,0
Algeria,1970,0
Algeria,1971,0
Algeria,1972,0
Algeria,1973,0
Algeria,1974,0
Algeria,1975,0
Algeria,1976,0
Algeria,1977,0
Algeria,1978,0
Algeria,1979,0
Algeria,1980,0
Algeria,1981,0
Algeria,1982,0
Algeria,1983,0
Algeria,1984,0
Algeria,1985,0
Algeria,1986,0
Algeria,1987,0
Algeria,1988,0
Algeria,1989,0
Algeria,1990,0
Algeria,1991,0
Algeria,1992,0
Algeria,1993,0
Algeria,1994,0
Algeria,1995,0
Algeria,1996,0
Algeria,1997,0
Algeria,1998,0
Algeria,1999,0
Algeria,2000,0
Algeria,2001,0
Algeria,2002,0
Algeria,2003,0
Algeria,2004,0
Algeria,2005,168.12009
Algeria,2006,0
Algeria,2007,0
Algeria,2008,0
Algeria,2009,0
Algeria,2010,0
Algeria,2011,0
Algeria,2012,0
Algeria,2013,0
Algeria,2014,0
Algeria,2015,0
Algeria,2016,0
Algeria,2017,0
East Asia & Pacific (excluding high income),1960,0
East Asia & Pacific (excluding high income),1961,0
East Asia & Pacific (excluding high income),1962,0
East Asia & Pacific (excluding high income),1963,0
East Asia & Pacific (excluding high income),1964,0
East Asia & Pacific (excluding high income),1965,0
East Asia & Pacific (excluding high income),1966,0
East Asia & Pacific (excluding high income),1967,0
East Asia & Pacific (excluding high income),1968,0
East Asia & Pacific (excluding high income),1969,0
East Asia & Pacific (excluding high income),1970,0
East Asia & Pacific (excluding high income),1971,0
East Asia & Pacific (excluding high income),1972,0
East Asia & Pacific (excluding high income),1973,0
East Asia & Pacific (excluding high income),1974,0
East Asia & Pacific (excluding high income),1975,0
East Asia & Pacific (excluding high income),1976,0
East Asia & Pacific (excluding high income),1977,0
East Asia & Pacific (excluding high income),1978,0
East Asia & Pacific (excluding high income),1979,0
East Asia & Pacific (excluding high income),1980,0
East Asia & Pacific (excluding high income),1981,0
East Asia & Pacific (excluding high income),1982,0
East Asia & Pacific (excluding high income),1983,0
East Asia & Pacific (excluding high income),1984,0
East Asia & Pacific (excluding high income),1985,0
East Asia & Pacific (excluding high income),1986,0
East Asia & Pacific (excluding high income),1987,0
East Asia & Pacific (excluding high income),1988,0
East Asia & Pacific (excluding high income),1989,0
East Asia & Pacific (excluding high income),1990,0
East Asia & Pacific (excluding high income),1991,0
East Asia & Pacific (excluding high income),1992,0
East Asia & Pacific (excluding high income),1993,0
East Asia & Pacific (excluding high income),1994,0
East Asia & Pacific (excluding high income),1995,0
East Asia & Pacific (excluding high income),1996,421.01605294428
East Asia & Pacific (excluding high income),1997,438.354713711427
East Asia & Pacific (excluding high income),1998,369.782980679054
East Asia & Pacific (excluding high income),1999,395.323675383361
East Asia & Pacific (excluding high income),2000,495.797419147079
East Asia & Pacific (excluding high income),2001,501.498329464281
East Asia & Pacific (excluding high income),2002,541.311898512861
East Asia & Pacific (excluding high income),2003,615.563336659986
East Asia & Pacific (excluding high income),2004,709.187331565873
East Asia & Pacific (excluding high income),2005,786.248953316491
East Asia & Pacific (excluding high income),2006,921.288047407743
East Asia & Pacific (excluding high income),2007,984.018725395753
East Asia & Pacific (excluding high income),2008,1188.23604788156
East Asia & Pacific (excluding high income),2009,700.287474326336
East Asia & Pacific (excluding high income),2010,914.3873730849
East Asia & Pacific (excluding high income),2011,915.54071071436
East Asia & Pacific (excluding high income),2012,1051.46431450971
East Asia & Pacific (excluding high income),2013,998.63181333244
East Asia & Pacific (excluding high income),2014,1125.25410849572
East Asia & Pacific (excluding high income),2015,1173.06990736149
East Asia & Pacific (excluding high income),2016,0
East Asia & Pacific (excluding high income),2017,0
Early-demographic dividend,1960,0
Early-demographic dividend,1961,0
Early-demographic dividend,1962,0
Early-demographic dividend,1963,0
Early-demographic dividend,1964,0
Early-demographic dividend,1965,0
Early-demographic dividend,1966,0
Early-demographic dividend,1967,0
Early-demographic dividend,1968,0
Early-demographic dividend,1969,0
Early-demographic dividend,1970,0
Early-demographic dividend,1971,0
Early-demographic dividend,1972,0
Early-demographic dividend,1973,0
Early-demographic dividend,1974,0
Early-demographic dividend,1975,0
Early-demographic dividend,1976,0
Early-demographic dividend,1977,0
Early-demographic dividend,1978,0
Early-demographic dividend,1979,0
Early-demographic dividend,1980,0
Early-demographic dividend,1981,0
Early-demographic dividend,1982,0
Early-demographic dividend,1983,0
Early-demographic dividend,1984,0
Early-demographic dividend,1985,0
Early-demographic dividend,1986,0
Early-demographic dividend,1987,0
Early-demographic dividend,1988,0
Early-demographic dividend,1989,0
Early-demographic dividend,1990,0
Early-demographic dividend,1991,0
Early-demographic dividend,1992,0
Early-demographic dividend,1993,0
Early-demographic dividend,1994,0
Early-demographic dividend,1995,0
Early-demographic dividend,1996,0
Early-demographic dividend,1997,0
Early-demographic dividend,1998,0
Early-demographic dividend,1999,0
Early-demographic dividend,2000,0
Early-demographic dividend,2001,0
Early-demographic dividend,2002,0
Early-demographic dividend,2003,0
Early-demographic dividend,2004,0
Early-demographic dividend,2005,182.59093205544
Early-demographic dividend,2006,0
Early-demographic dividend,2007,0
Early-demographic dividend,2008,0
Early-demographic dividend,2009,0
Early-demographic dividend,2010,0
Early-demographic dividend,2011,0
Early-demographic dividend,2012,0
Early-demographic dividend,2013,0
Early-demographic dividend,2014,0
Early-demographic dividend,2015,0
Early-demographic dividend,2016,0
Early-demographic dividend,2017,0
East Asia & Pacific,1960,0
East Asia & Pacific,1961,0
East Asia & Pacific,1962,0
East Asia & Pacific,1963,0
East Asia & Pacific,1964,0
East Asia & Pacific,1965,0
East Asia & Pacific,1966,0
East Asia & Pacific,1967,0
East Asia & Pacific,1968,0
East Asia & Pacific,1969,0
East Asia & Pacific,1970,0
East Asia & Pacific,1971,0
East Asia & Pacific,1972,0
East Asia & Pacific,1973,0
East Asia & Pacific,1974,0
East Asia & Pacific,1975,0
East Asia & Pacific,1976,0
East Asia & Pacific,1977,0
East Asia & Pacific,1978,0
East Asia & Pacific,1979,0
East Asia & Pacific,1980,0
East Asia & Pacific,1981,0
East Asia & Pacific,1982,0
East Asia & Pacific,1983,0
East Asia & Pacific,1984,0
East Asia & Pacific,1985,0
East Asia & Pacific,1986,0
East Asia & Pacific,1987,0
East Asia & Pacific,1988,0
East Asia & Pacific,1989,0
East Asia & Pacific,1990,0
East Asia & Pacific,1991,0
East Asia & Pacific,1992,0
East Asia & Pacific,1993,0
East Asia & Pacific,1994,0
East Asia & Pacific,1995,0
East Asia & Pacific,1996,898.100515990995
East Asia & Pacific,1997,883.502589759569
East Asia & Pacific,1998,872.599888055593
East Asia & Pacific,1999,861.793786264308
East Asia & Pacific,2000,938.750445686059
East Asia & Pacific,2001,915.484079102077
East Asia & Pacific,2002,980.701836080434
East Asia & Pacific,2003,1070.22609924885
East Asia & Pacific,2004,1223.90249742158
East Asia & Pacific,2005,1253.64293659565
East Asia & Pacific,2006,1457.3777327235
East Asia & Pacific,2007,1454.24137514281
East Asia & Pacific,2008,1692.35496894621
East Asia & Pacific,2009,1128.74303563672
East Asia & Pacific,2010,1475.34493596747
East Asia & Pacific,2011,1403.3349342008
East Asia & Pacific,2012,1575.76721453253
East Asia & Pacific,2013,1479.10362081737
East Asia & Pacific,2014,1657.97252817807
East Asia & Pacific,2015,1671.12130107521
East Asia & Pacific,2016,0
East Asia & Pacific,2017,0
Europe & Central Asia (excluding high income),1960,0
Europe & Central Asia (excluding high income),1961,0
Europe & Central Asia (excluding high income),1962,0
Europe & Central Asia (excluding high income),1963,0
Europe & Central Asia (excluding high income),1964,0
Europe & Central Asia (excluding high income),1965,0
Europe & Central Asia (excluding high income),1966,0
Europe & Central Asia (excluding high income),1967,0
Europe & Central Asia (excluding high income),1968,0
Europe & Central Asia (excluding high income),1969,0
Europe & Central Asia (excluding high income),1970,0
Europe & Central Asia (excluding high income),1971,0
Europe & Central Asia (excluding high income),1972,0
Europe & Central Asia (excluding high income),1973,0
Europe & Central Asia (excluding high income),1974,0
Europe & Central Asia (excluding high income),1975,0
Europe & Central Asia (excluding high income),1976,0
Europe & Central Asia (excluding high income),1977,0
Europe & Central Asia (excluding high income),1978,0
Europe & Central Asia (excluding high income),1979,0
Europe & Central Asia (excluding high income),1980,0
Europe & Central Asia (excluding high income),1981,0
Europe & Central Asia (excluding high income),1982,0
Europe & Central Asia (excluding high income),1983,0
Europe & Central Asia (excluding high income),1984,0
Europe & Central Asia (excluding high income),1985,0
Europe & Central Asia (excluding high income),1986,0
Europe & Central Asia (excluding high income),1987,0
Europe & Central Asia (excluding high income),1988,0
Europe & Central Asia (excluding high income),1989,0
Europe & Central Asia (excluding high income),1990,0
Europe & Central Asia (excluding high income),1991,0
Europe & Central Asia (excluding high income),1992,0
Europe & Central Asia (excluding high income),1993,0
Europe & Central Asia (excluding high income),1994,0
Europe & Central Asia (excluding high income),1995,0
Europe & Central Asia (excluding high income),1996,0
Europe & Central Asia (excluding high income),1997,0
Europe & Central Asia (excluding high income),1998,0
Europe & Central Asia (excluding high income),1999,0
Europe & Central Asia (excluding high income),2000,2165.41934455103
Europe & Central Asia (excluding high income),2001,2150.90983258909
Europe & Central Asia (excluding high income),2002,2105.96408021488
Europe & Central Asia (excluding high income),2003,2071.08454830998
Europe & Central Asia (excluding high income),2004,2037.51901302785
Europe & Central Asia (excluding high income),2005,2017.27151300953
Europe & Central Asia (excluding high income),2006,1929.48343725666
Europe & Central Asia (excluding high income),2007,1875.28964733008
Europe & Central Asia (excluding high income),2008,1835.58598260254
Europe & Central Asia (excluding high income),2009,1821.44790717397
Europe & Central Asia (excluding high income),2010,1828.30973720482
Europe & Central Asia (excluding high income),2011,1839.75209154851
Europe & Central Asia (excluding high income),2012,1844.52142464753
Europe & Central Asia (excluding high income),2013,1836.39288653803
Europe & Central Asia (excluding high income),2014,1890.29916713759
Europe & Central Asia (excluding high income),2015,0
Europe & Central Asia (excluding high income),2016,0
Europe & Central Asia (excluding high income),2017,0
Europe & Central Asia,1960,0
Europe & Central Asia,1961,0
Europe & Central Asia,1962,0
Europe & Central Asia,1963,0
Europe & Central Asia,1964,0
Europe & Central Asia,1965,0
Europe & Central Asia,1966,0
Europe & Central Asia,1967,0
Europe & Central Asia,1968,0
Europe & Central Asia,1969,0
Europe & Central Asia,1970,0
Europe & Central Asia,1971,0
Europe & Central Asia,1972,0
Europe & Central Asia,1973,0
Europe & Central Asia,1974,0
Europe & Central Asia,1975,0
Europe & Central Asia,1976,0
Europe & Central Asia,1977,0
Europe & Central Asia,1978,0
Europe & Central Asia,1979,0
Europe & Central Asia,1980,0
Europe & Central Asia,1981,0
Europe & Central Asia,1982,0
Europe & Central Asia,1983,0
Europe & Central Asia,1984,0
Europe & Central Asia,1985,0
Europe & Central Asia,1986,0
Europe & Central Asia,1987,0
Europe & Central Asia,1988,0
Europe & Central Asia,1989,0
Europe & Central Asia,1990,0
Europe & Central Asia,1991,0
Europe & Central Asia,1992,0
Europe & Central Asia,1993,0
Europe & Central Asia,1994,0
Europe & Central Asia,1995,0
Europe & Central Asia,1996,2283.099081608
Europe & Central Asia,1997,2264.98616653067
Europe & Central Asia,1998,2212.61438965157
Europe & Central Asia,1999,2309.18757732515
Europe & Central Asia,2000,2299.46251413584
Europe & Central Asia,2001,2374.2219124446
Europe & Central Asia,2002,2385.85188180233
Europe & Central Asia,2003,2452.04849343291
Europe & Central Asia,2004,2530.93489157326
Europe & Central Asia,2005,2582.02680618632
Europe & Central Asia,2006,2573.43470785254
Europe & Central Asia,2007,2571.03226997155
Europe & Central Asia,2008,2641.81326157562
Europe & Central Asia,2009,2664.17646880164
Europe & Central Asia,2010,2716.12263314989
Europe & Central Asia,2011,2740.528331769
Europe & Central Asia,2012,2813.4795655028
Europe & Central Asia,2013,2842.27204195103
Europe & Central Asia,2014,2914.75704387918
Europe & Central Asia,2015,3067.04866964119
Europe & Central Asia,2016,0
Europe & Central Asia,2017,0
Ecuador,1960,0
Ecuador,1961,0
Ecuador,1962,0
Ecuador,1963,0
Ecuador,1964,0
Ecuador,1965,0
Ecuador,1966,0
Ecuador,1967,0
Ecuador,1968,0
Ecuador,1969,0
Ecuador,1970,0
Ecuador,1971,0
Ecuador,1972,0
Ecuador,1973,0
Ecuador,1974,0
Ecuador,1975,0
Ecuador,1976,0
Ecuador,1977,0
Ecuador,1978,0
Ecuador,1979,0
Ecuador,1980,0
Ecuador,1981,0
Ecuador,1982,0
Ecuador,1983,0
Ecuador,1984,0
Ecuador,1985,0
Ecuador,1986,0
Ecuador,1987,0
Ecuador,1988,0
Ecuador,1989,0
Ecuador,1990,0
Ecuador,1991,0
Ecuador,1992,0
Ecuador,1993,0
Ecuador,1994,0
Ecuador,1995,0
Ecuador,1996,84.13589
Ecuador,1997,78.1552
Ecuador,1998,83.36151
Ecuador,1999,0
Ecuador,2000,0
Ecuador,2001,39.99143
Ecuador,2002,42.07448
Ecuador,2003,48.53419
Ecuador,2004,0
Ecuador,2005,0
Ecuador,2006,70.5209
Ecuador,2007,65.04533
Ecuador,2008,103.23306
Ecuador,2009,118.34982
Ecuador,2010,141.30002
Ecuador,2011,180.29544
Ecuador,2012,282.16233
Ecuador,2013,351.69467
Ecuador,2014,400.71896
Ecuador,2015,0
Ecuador,2016,0
Ecuador,2017,0
"Egypt, Arab Rep.",1960,0
"Egypt, Arab Rep.",1961,0
"Egypt, Arab Rep.",1962,0
"Egypt, Arab Rep.",1963,0
"Egypt, Arab Rep.",1964,0
"Egypt, Arab Rep.",1965,0
"Egypt, Arab Rep.",1966,0
"Egypt, Arab Rep.",1967,0
"Egypt, Arab Rep.",1968,0
"Egypt, Arab Rep.",1969,0
"Egypt, Arab Rep.",1970,0
"Egypt, Arab Rep.",1971,0
"Egypt, Arab Rep.",1972,0
"Egypt, Arab Rep.",1973,0
"Egypt, Arab Rep.",1974,0
"Egypt, Arab Rep.",1975,0
"Egypt, Arab Rep.",1976,0
"Egypt, Arab Rep.",1977,0
"Egypt, Arab Rep.",1978,0
"Egypt, Arab Rep.",1979,0
"Egypt, Arab Rep.",1980,0
"Egypt, Arab Rep.",1981,0
"Egypt, Arab Rep.",1982,0
"Egypt, Arab Rep.",1983,0
"Egypt, Arab Rep.",1984,0
"Egypt, Arab Rep.",1985,0
"Egypt, Arab Rep.",1986,0
"Egypt, Arab Rep.",1987,0
"Egypt, Arab Rep.",1988,0
"Egypt, Arab Rep.",1989,0
"Egypt, Arab Rep.",1990,0
"Egypt, Arab Rep.",1991,0
"Egypt, Arab Rep.",1992,0
"Egypt, Arab Rep.",1993,0
"Egypt, Arab Rep.",1994,0
"Egypt, Arab Rep.",1995,0
"Egypt, Arab Rep.",1996,0
"Egypt, Arab Rep.",1997,0
"Egypt, Arab Rep.",1998,0
"Egypt, Arab Rep.",1999,0
"Egypt, Arab Rep.",2000,0
"Egypt, Arab Rep.",2001,0
"Egypt, Arab Rep.",2002,0
"Egypt, Arab Rep.",2003,0
"Egypt, Arab Rep.",2004,0
"Egypt, Arab Rep.",2005,0
"Egypt, Arab Rep.",2006,0
"Egypt, Arab Rep.",2007,636.07747
"Egypt, Arab Rep.",2008,442.26912
"Egypt, Arab Rep.",2009,437.05784
"Egypt, Arab Rep.",2010,496.7285
"Egypt, Arab Rep.",2011,496.11617
"Egypt, Arab Rep.",2012,521.73978
"Egypt, Arab Rep.",2013,543.88625
"Egypt, Arab Rep.",2014,681.61169
"Egypt, Arab Rep.",2015,679.81262
"Egypt, Arab Rep.",2016,0
"Egypt, Arab Rep.",2017,0
Euro area,1960,0
Euro area,1961,0
Euro area,1962,0
Euro area,1963,0
Euro area,1964,0
Euro area,1965,0
Euro area,1966,0
Euro area,1967,0
Euro area,1968,0
Euro area,1969,0
Euro area,1970,0
Euro area,1971,0
Euro area,1972,0
Euro area,1973,0
Euro area,1974,0
Euro area,1975,0
Euro area,1976,0
Euro area,1977,0
Euro area,1978,0
Euro area,1979,0
Euro area,1980,0
Euro area,1981,0
Euro area,1982,0
Euro area,1983,0
Euro area,1984,0
Euro area,1985,0
Euro area,1986,0
Euro area,1987,0
Euro area,1988,0
Euro area,1989,0
Euro area,1990,0
Euro area,1991,0
Euro area,1992,0
Euro area,1993,0
Euro area,1994,0
Euro area,1995,0
Euro area,1996,2131.40146882588
Euro area,1997,2145.24306005676
Euro area,1998,2238.56295849569
Euro area,1999,2299.77260801188
Euro area,2000,2452.77013744873
Euro area,2001,2481.81504578225
Euro area,2002,2578.31373679108
Euro area,2003,2591.08338813189
Euro area,2004,2731.92410446402
Euro area,2005,2765.12998013892
Euro area,2006,2885.54410875032
Euro area,2007,2998.96204422783
Euro area,2008,3178.10171262323
Euro area,2009,3254.84075313621
Euro area,2010,3365.49484247613
Euro area,2011,3403.75414484704
Euro area,2012,3522.37041694598
Euro area,2013,3561.19607958014
Euro area,2014,3572.78144726565
Euro area,2015,3513.58021499819
Euro area,2016,0
Euro area,2017,0
Eritrea,1960,0
Eritrea,1961,0
Eritrea,1962,0
Eritrea,1963,0
Eritrea,1964,0
Eritrea,1965,0
Eritrea,1966,0
Eritrea,1967,0
Eritrea,1968,0
Eritrea,1969,0
Eritrea,1970,0
Eritrea,1971,0
Eritrea,1972,0
Eritrea,1973,0
Eritrea,1974,0
Eritrea,1975,0
Eritrea,1976,0
Eritrea,1977,0
Eritrea,1978,0
Eritrea,1979,0
Eritrea,1980,0
Eritrea,1981,0
Eritrea,1982,0
Eritrea,1983,0
Eritrea,1984,0
Eritrea,1985,0
Eritrea,1986,0
Eritrea,1987,0
Eritrea,1988,0
Eritrea,1989,0
Eritrea,1990,0
Eritrea,1991,0
Eritrea,1992,0
Eritrea,1993,0
Eritrea,1994,0
Eritrea,1995,0
Eritrea,1996,0
Eritrea,1997,0
Eritrea,1998,0
Eritrea,1999,0
Eritrea,2000,0
Eritrea,2001,0
Eritrea,2002,0
Eritrea,2003,0
Eritrea,2004,0
Eritrea,2005,0
Eritrea,2006,0
Eritrea,2007,0
Eritrea,2008,0
Eritrea,2009,0
Eritrea,2010,0
Eritrea,2011,0
Eritrea,2012,0
Eritrea,2013,0
Eritrea,2014,0
Eritrea,2015,0
Eritrea,2016,0
Eritrea,2017,0
Spain,1960,0
Spain,1961,0
Spain,1962,0
Spain,1963,0
Spain,1964,0
Spain,1965,0
Spain,1966,0
Spain,1967,0
Spain,1968,0
Spain,1969,0
Spain,1970,0
Spain,1971,0
Spain,1972,0
Spain,1973,0
Spain,1974,0
Spain,1975,0
Spain,1976,0
Spain,1977,0
Spain,1978,0
Spain,1979,0
Spain,1980,0
Spain,1981,0
Spain,1982,0
Spain,1983,0
Spain,1984,0
Spain,1985,0
Spain,1986,0
Spain,1987,0
Spain,1988,0
Spain,1989,0
Spain,1990,0
Spain,1991,0
Spain,1992,0
Spain,1993,0
Spain,1994,0
Spain,1995,0
Spain,1996,1294.74546
Spain,1997,1347.20228
Spain,1998,1501.03148
Spain,1999,1524.24015
Spain,2000,1881.47426
Spain,2001,1942.26519
Spain,2002,1992.51062
Spain,2003,2178.27246
Spain,2004,2339.60558
Spain,2005,2501.90167
Spain,2006,2599.99534
Spain,2007,2712.35021
Spain,2008,2858.90072
Spain,2009,2890.22244
Spain,2010,2889.45684
Spain,2011,2788.25639
Spain,2012,2718.38425
Spain,2013,2652.55096
Spain,2014,2642.37217
Spain,2015,2654.65143
